row_index,field,rule_type,severity,reason
688,energy_deposit_keV,range_check,3,energy_deposit_keV=760.7150 > max=500.0
874,energy_deposit_keV,range_check,3,energy_deposit_keV=3270.2025 > max=500.0
950,energy_deposit_keV,range_check,3,energy_deposit_keV=2386.4050 > max=500.0
1057,energy_deposit_keV,range_check,3,energy_deposit_keV=1940.4750 > max=500.0
2689,energy_deposit_keV,range_check,3,energy_deposit_keV=565.3550 > max=500.0
2848,energy_deposit_keV,range_check,3,energy_deposit_keV=756.0000 > max=500.0
3407,energy_deposit_keV,range_check,3,energy_deposit_keV=1661.2700 > max=500.0
3430,energy_deposit_keV,range_check,3,energy_deposit_keV=827.4775 > max=500.0
3495,energy_deposit_keV,range_check,3,energy_deposit_keV=3258.3025 > max=500.0
3890,energy_deposit_keV,range_check,3,energy_deposit_keV=1830.1588 > max=500.0
4319,energy_deposit_keV,range_check,3,energy_deposit_keV=976.4450 > max=500.0
4337,energy_deposit_keV,range_check,3,energy_deposit_keV=2201.8450 > max=500.0
4507,energy_deposit_keV,range_check,3,energy_deposit_keV=3218.0450 > max=500.0
4646,energy_deposit_keV,range_check,3,energy_deposit_keV=901.7500 > max=500.0
5081,energy_deposit_keV,range_check,3,energy_deposit_keV=3145.8725 > max=500.0
5644,energy_deposit_keV,range_check,3,energy_deposit_keV=664.6988 > max=500.0
5838,energy_deposit_keV,range_check,3,energy_deposit_keV=1820.5063 > max=500.0
5991,energy_deposit_keV,range_check,3,energy_deposit_keV=2677.3400 > max=500.0
6063,energy_deposit_keV,range_check,3,energy_deposit_keV=891.4375 > max=500.0
6650,energy_deposit_keV,range_check,3,energy_deposit_keV=2859.1975 > max=500.0
6661,energy_deposit_keV,range_check,3,energy_deposit_keV=3091.7075 > max=500.0
6847,energy_deposit_keV,range_check,3,energy_deposit_keV=5442.1150 > max=500.0
6902,energy_deposit_keV,range_check,3,energy_deposit_keV=2795.2175 > max=500.0
7594,energy_deposit_keV,range_check,3,energy_deposit_keV=6364.3250 > max=500.0
7707,energy_deposit_keV,range_check,3,energy_deposit_keV=1742.6500 > max=500.0
7776,energy_deposit_keV,range_check,3,energy_deposit_keV=1214.8900 > max=500.0
7932,energy_deposit_keV,range_check,3,energy_deposit_keV=821.0600 > max=500.0
8327,energy_deposit_keV,range_check,3,energy_deposit_keV=566.3250 > max=500.0
8870,energy_deposit_keV,range_check,3,energy_deposit_keV=1314.7162 > max=500.0
9319,energy_deposit_keV,range_check,3,energy_deposit_keV=1195.2250 > max=500.0
9350,energy_deposit_keV,range_check,3,energy_deposit_keV=976.3275 > max=500.0
180,detector_id,registered_detector,3,"detector_id=99 not in registered set [1, 2, 3, 4, 5, 6, 7, 8]"
296,detector_id,registered_detector,3,"detector_id=99 not in registered set [1, 2, 3, 4, 5, 6, 7, 8]"
639,detector_id,registered_detector,3,"detector_id=99 not in registered set [1, 2, 3, 4, 5, 6, 7, 8]"
728,detector_id,registered_detector,3,"detector_id=99 not in registered set [1, 2, 3, 4, 5, 6, 7, 8]"
920,detector_id,registered_detector,3,"detector_id=99 not in registered set [1, 2, 3, 4, 5, 6, 7, 8]"
925,detector_id,registered_detector,3,"detector_id=99 not in registered set [1, 2, 3, 4, 5, 6, 7, 8]"
1418,detector_id,registered_detector,3,"detector_id=99 not in registered set [1, 2, 3, 4, 5, 6, 7, 8]"
1528,detector_id,registered_detector,3,"detector_id=99 not in registered set [1, 2, 3, 4, 5, 6, 7, 8]"
1534,detector_id,registered_detector,3,"detector_id=99 not in registered set [1, 2, 3, 4, 5, 6, 7, 8]"
1554,detector_id,registered_detector,3,"detector_id=99 not in registered set [1, 2, 3, 4, 5, 6, 7, 8]"
1644,detector_id,registered_detector,3,"detector_id=99 not in registered set [1, 2, 3, 4, 5, 6, 7, 8]"
1912,detector_id,registered_detector,3,"detector_id=99 not in registered set [1, 2, 3, 4, 5, 6, 7, 8]"
1937,detector_id,registered_detector,3,"detector_id=99 not in registered set [1, 2, 3, 4, 5, 6, 7, 8]"
2051,detector_id,registered_detector,3,"detector_id=99 not in registered set [1, 2, 3, 4, 5, 6, 7, 8]"
2113,detector_id,registered_detector,3,"detector_id=99 not in registered set [1, 2, 3, 4, 5, 6, 7, 8]"
2195,detector_id,registered_detector,3,"detector_id=99 not in registered set [1, 2, 3, 4, 5, 6, 7, 8]"
2527,detector_id,registered_detector,3,"detector_id=99 not in registered set [1, 2, 3, 4, 5, 6, 7, 8]"
2605,detector_id,registered_detector,3,"detector_id=99 not in registered set [1, 2, 3, 4, 5, 6, 7, 8]"
2850,detector_id,registered_detector,3,"detector_id=99 not in registered set [1, 2, 3, 4, 5, 6, 7, 8]"
3099,detector_id,registered_detector,3,"detector_id=99 not in registered set [1, 2, 3, 4, 5, 6, 7, 8]"
3238,detector_id,registered_detector,3,"detector_id=99 not in registered set [1, 2, 3, 4, 5, 6, 7, 8]"
3481,detector_id,registered_detector,3,"detector_id=99 not in registered set [1, 2, 3, 4, 5, 6, 7, 8]"
3566,detector_id,registered_detector,3,"detector_id=99 not in registered set [1, 2, 3, 4, 5, 6, 7, 8]"
3585,detector_id,registered_detector,3,"detector_id=99 not in registered set [1, 2, 3, 4, 5, 6, 7, 8]"
3594,detector_id,registered_detector,3,"detector_id=99 not in registered set [1, 2, 3, 4, 5, 6, 7, 8]"
3598,detector_id,registered_detector,3,"detector_id=99 not in registered set [1, 2, 3, 4, 5, 6, 7, 8]"
3772,detector_id,registered_detector,3,"detector_id=99 not in registered set [1, 2, 3, 4, 5, 6, 7, 8]"
3799,detector_id,registered_detector,3,"detector_id=99 not in registered set [1, 2, 3, 4, 5, 6, 7, 8]"
3907,detector_id,registered_detector,3,"detector_id=99 not in registered set [1, 2, 3, 4, 5, 6, 7, 8]"
4101,detector_id,registered_detector,3,"detector_id=99 not in registered set [1, 2, 3, 4, 5, 6, 7, 8]"
4287,detector_id,registered_detector,3,"detector_id=99 not in registered set [1, 2, 3, 4, 5, 6, 7, 8]"
4343,detector_id,registered_detector,3,"detector_id=99 not in registered set [1, 2, 3, 4, 5, 6, 7, 8]"
4776,detector_id,registered_detector,3,"detector_id=99 not in registered set [1, 2, 3, 4, 5, 6, 7, 8]"
5083,detector_id,registered_detector,3,"detector_id=99 not in registered set [1, 2, 3, 4, 5, 6, 7, 8]"
5137,detector_id,registered_detector,3,"detector_id=99 not in registered set [1, 2, 3, 4, 5, 6, 7, 8]"
5363,detector_id,registered_detector,3,"detector_id=99 not in registered set [1, 2, 3, 4, 5, 6, 7, 8]"
5367,detector_id,registered_detector,3,"detector_id=99 not in registered set [1, 2, 3, 4, 5, 6, 7, 8]"
5531,detector_id,registered_detector,3,"detector_id=99 not in registered set [1, 2, 3, 4, 5, 6, 7, 8]"
5678,detector_id,registered_detector,3,"detector_id=99 not in registered set [1, 2, 3, 4, 5, 6, 7, 8]"
5688,detector_id,registered_detector,3,"detector_id=99 not in registered set [1, 2, 3, 4, 5, 6, 7, 8]"
5797,detector_id,registered_detector,3,"detector_id=99 not in registered set [1, 2, 3, 4, 5, 6, 7, 8]"
5968,detector_id,registered_detector,3,"detector_id=99 not in registered set [1, 2, 3, 4, 5, 6, 7, 8]"
6007,detector_id,registered_detector,3,"detector_id=99 not in registered set [1, 2, 3, 4, 5, 6, 7, 8]"
6099,detector_id,registered_detector,3,"detector_id=99 not in registered set [1, 2, 3, 4, 5, 6, 7, 8]"
6151,detector_id,registered_detector,3,"detector_id=99 not in registered set [1, 2, 3, 4, 5, 6, 7, 8]"
6300,detector_id,registered_detector,3,"detector_id=99 not in registered set [1, 2, 3, 4, 5, 6, 7, 8]"
6318,detector_id,registered_detector,3,"detector_id=99 not in registered set [1, 2, 3, 4, 5, 6, 7, 8]"
6499,detector_id,registered_detector,3,"detector_id=99 not in registered set [1, 2, 3, 4, 5, 6, 7, 8]"
6560,detector_id,registered_detector,3,"detector_id=99 not in registered set [1, 2, 3, 4, 5, 6, 7, 8]"
6773,detector_id,registered_detector,3,"detector_id=99 not in registered set [1, 2, 3, 4, 5, 6, 7, 8]"
6781,detector_id,registered_detector,3,"detector_id=99 not in registered set [1, 2, 3, 4, 5, 6, 7, 8]"
6814,detector_id,registered_detector,3,"detector_id=99 not in registered set [1, 2, 3, 4, 5, 6, 7, 8]"
6849,detector_id,registered_detector,3,"detector_id=99 not in registered set [1, 2, 3, 4, 5, 6, 7, 8]"
6856,detector_id,registered_detector,3,"detector_id=99 not in registered set [1, 2, 3, 4, 5, 6, 7, 8]"
6890,detector_id,registered_detector,3,"detector_id=99 not in registered set [1, 2, 3, 4, 5, 6, 7, 8]"
6996,detector_id,registered_detector,3,"detector_id=99 not in registered set [1, 2, 3, 4, 5, 6, 7, 8]"
7241,detector_id,registered_detector,3,"detector_id=99 not in registered set [1, 2, 3, 4, 5, 6, 7, 8]"
7266,detector_id,registered_detector,3,"detector_id=99 not in registered set [1, 2, 3, 4, 5, 6, 7, 8]"
7308,detector_id,registered_detector,3,"detector_id=99 not in registered set [1, 2, 3, 4, 5, 6, 7, 8]"
7607,detector_id,registered_detector,3,"detector_id=99 not in registered set [1, 2, 3, 4, 5, 6, 7, 8]"
7694,detector_id,registered_detector,3,"detector_id=99 not in registered set [1, 2, 3, 4, 5, 6, 7, 8]"
7894,detector_id,registered_detector,3,"detector_id=99 not in registered set [1, 2, 3, 4, 5, 6, 7, 8]"
7922,detector_id,registered_detector,3,"detector_id=99 not in registered set [1, 2, 3, 4, 5, 6, 7, 8]"
8085,detector_id,registered_detector,3,"detector_id=99 not in registered set [1, 2, 3, 4, 5, 6, 7, 8]"
8499,detector_id,registered_detector,3,"detector_id=99 not in registered set [1, 2, 3, 4, 5, 6, 7, 8]"
8505,detector_id,registered_detector,3,"detector_id=99 not in registered set [1, 2, 3, 4, 5, 6, 7, 8]"
8571,detector_id,registered_detector,3,"detector_id=99 not in registered set [1, 2, 3, 4, 5, 6, 7, 8]"
8582,detector_id,registered_detector,3,"detector_id=99 not in registered set [1, 2, 3, 4, 5, 6, 7, 8]"
8604,detector_id,registered_detector,3,"detector_id=99 not in registered set [1, 2, 3, 4, 5, 6, 7, 8]"
8803,detector_id,registered_detector,3,"detector_id=99 not in registered set [1, 2, 3, 4, 5, 6, 7, 8]"
8844,detector_id,registered_detector,3,"detector_id=99 not in registered set [1, 2, 3, 4, 5, 6, 7, 8]"
8860,detector_id,registered_detector,3,"detector_id=99 not in registered set [1, 2, 3, 4, 5, 6, 7, 8]"
8862,detector_id,registered_detector,3,"detector_id=99 not in registered set [1, 2, 3, 4, 5, 6, 7, 8]"
9177,detector_id,registered_detector,3,"detector_id=99 not in registered set [1, 2, 3, 4, 5, 6, 7, 8]"
9211,detector_id,registered_detector,3,"detector_id=99 not in registered set [1, 2, 3, 4, 5, 6, 7, 8]"
9247,detector_id,registered_detector,3,"detector_id=99 not in registered set [1, 2, 3, 4, 5, 6, 7, 8]"
9324,detector_id,registered_detector,3,"detector_id=99 not in registered set [1, 2, 3, 4, 5, 6, 7, 8]"
9636,detector_id,registered_detector,3,"detector_id=99 not in registered set [1, 2, 3, 4, 5, 6, 7, 8]"
9722,detector_id,registered_detector,3,"detector_id=99 not in registered set [1, 2, 3, 4, 5, 6, 7, 8]"
9939,detector_id,registered_detector,3,"detector_id=99 not in registered set [1, 2, 3, 4, 5, 6, 7, 8]"
112,timestamp_ns,timestamp_monotone,3,timestamp_ns=401932915 ≤ prev=401932915 (delta=0)
204,timestamp_ns,timestamp_monotone,3,timestamp_ns=402940003 ≤ prev=402940003 (delta=0)
206,timestamp_ns,timestamp_monotone,3,timestamp_ns=402944062 ≤ prev=402944062 (delta=0)
567,timestamp_ns,timestamp_monotone,3,timestamp_ns=406271972 ≤ prev=406271972 (delta=0)
606,timestamp_ns,timestamp_monotone,3,timestamp_ns=406724660 ≤ prev=406724660 (delta=0)
736,timestamp_ns,timestamp_monotone,3,timestamp_ns=408318863 ≤ prev=408318863 (delta=0)
1009,timestamp_ns,timestamp_monotone,3,timestamp_ns=411013235 ≤ prev=411013235 (delta=0)
1069,timestamp_ns,timestamp_monotone,3,timestamp_ns=411674630 ≤ prev=411674630 (delta=0)
1262,timestamp_ns,timestamp_monotone,3,timestamp_ns=413608748 ≤ prev=413608748 (delta=0)
1530,timestamp_ns,timestamp_monotone,3,timestamp_ns=416161610 ≤ prev=416161610 (delta=0)
1795,timestamp_ns,timestamp_monotone,3,timestamp_ns=418764181 ≤ prev=418764181 (delta=0)
1822,timestamp_ns,timestamp_monotone,3,timestamp_ns=418936851 ≤ prev=418936851 (delta=0)
1860,timestamp_ns,timestamp_monotone,3,timestamp_ns=419374209 ≤ prev=419374209 (delta=0)
2251,timestamp_ns,timestamp_monotone,3,timestamp_ns=423559475 ≤ prev=423559475 (delta=0)
2253,timestamp_ns,timestamp_monotone,3,timestamp_ns=423572428 ≤ prev=423572428 (delta=0)
2299,timestamp_ns,timestamp_monotone,3,timestamp_ns=423855487 ≤ prev=423855487 (delta=0)
2410,timestamp_ns,timestamp_monotone,3,timestamp_ns=425026852 ≤ prev=425026852 (delta=0)
2542,timestamp_ns,timestamp_monotone,3,timestamp_ns=426471214 ≤ prev=426471214 (delta=0)
2547,timestamp_ns,timestamp_monotone,3,timestamp_ns=426559283 ≤ prev=426559283 (delta=0)
2679,timestamp_ns,timestamp_monotone,3,timestamp_ns=428039576 ≤ prev=428039576 (delta=0)
2781,timestamp_ns,timestamp_monotone,3,timestamp_ns=429128816 ≤ prev=429128816 (delta=0)
3059,timestamp_ns,timestamp_monotone,3,timestamp_ns=431661523 ≤ prev=431661523 (delta=0)
3163,timestamp_ns,timestamp_monotone,3,timestamp_ns=432675505 ≤ prev=432675505 (delta=0)
3295,timestamp_ns,timestamp_monotone,3,timestamp_ns=433957959 ≤ prev=433957959 (delta=0)
3309,timestamp_ns,timestamp_monotone,3,timestamp_ns=434100740 ≤ prev=434100740 (delta=0)
3739,timestamp_ns,timestamp_monotone,3,timestamp_ns=438463180 ≤ prev=438463180 (delta=0)
3869,timestamp_ns,timestamp_monotone,3,timestamp_ns=439947177 ≤ prev=439947177 (delta=0)
3993,timestamp_ns,timestamp_monotone,3,timestamp_ns=441201005 ≤ prev=441201005 (delta=0)
4099,timestamp_ns,timestamp_monotone,3,timestamp_ns=442631136 ≤ prev=442631136 (delta=0)
4238,timestamp_ns,timestamp_monotone,3,timestamp_ns=444006646 ≤ prev=444006646 (delta=0)
4431,timestamp_ns,timestamp_monotone,3,timestamp_ns=446034746 ≤ prev=446034746 (delta=0)
4474,timestamp_ns,timestamp_monotone,3,timestamp_ns=446437878 ≤ prev=446437878 (delta=0)
4569,timestamp_ns,timestamp_monotone,3,timestamp_ns=447412818 ≤ prev=447412818 (delta=0)
4660,timestamp_ns,timestamp_monotone,3,timestamp_ns=448243006 ≤ prev=448243006 (delta=0)
4760,timestamp_ns,timestamp_monotone,3,timestamp_ns=449189033 ≤ prev=449189033 (delta=0)
4800,timestamp_ns,timestamp_monotone,3,timestamp_ns=449652710 ≤ prev=449652710 (delta=0)
4850,timestamp_ns,timestamp_monotone,3,timestamp_ns=450037411 ≤ prev=450037411 (delta=0)
4905,timestamp_ns,timestamp_monotone,3,timestamp_ns=450737112 ≤ prev=450737112 (delta=0)
5003,timestamp_ns,timestamp_monotone,3,timestamp_ns=451623345 ≤ prev=451623345 (delta=0)
5147,timestamp_ns,timestamp_monotone,3,timestamp_ns=453095224 ≤ prev=453095224 (delta=0)
5162,timestamp_ns,timestamp_monotone,3,timestamp_ns=453215999 ≤ prev=453215999 (delta=0)
5233,timestamp_ns,timestamp_monotone,3,timestamp_ns=453934619 ≤ prev=453934619 (delta=0)
5296,timestamp_ns,timestamp_monotone,3,timestamp_ns=454587838 ≤ prev=454587838 (delta=0)
5567,timestamp_ns,timestamp_monotone,3,timestamp_ns=457404463 ≤ prev=457404463 (delta=0)
5652,timestamp_ns,timestamp_monotone,3,timestamp_ns=458200377 ≤ prev=458200377 (delta=0)
5859,timestamp_ns,timestamp_monotone,3,timestamp_ns=460441884 ≤ prev=460441884 (delta=0)
5890,timestamp_ns,timestamp_monotone,3,timestamp_ns=460729855 ≤ prev=460729855 (delta=0)
5981,timestamp_ns,timestamp_monotone,3,timestamp_ns=461535404 ≤ prev=461535404 (delta=0)
6014,timestamp_ns,timestamp_monotone,3,timestamp_ns=461842963 ≤ prev=461842963 (delta=0)
6161,timestamp_ns,timestamp_monotone,3,timestamp_ns=463269721 ≤ prev=463269721 (delta=0)
6185,timestamp_ns,timestamp_monotone,3,timestamp_ns=463422700 ≤ prev=463422700 (delta=0)
6285,timestamp_ns,timestamp_monotone,3,timestamp_ns=464592010 ≤ prev=464592010 (delta=0)
6365,timestamp_ns,timestamp_monotone,3,timestamp_ns=465346228 ≤ prev=465346228 (delta=0)
6652,timestamp_ns,timestamp_monotone,3,timestamp_ns=468227131 ≤ prev=468227131 (delta=0)
6693,timestamp_ns,timestamp_monotone,3,timestamp_ns=468640977 ≤ prev=468640977 (delta=0)
7484,timestamp_ns,timestamp_monotone,3,timestamp_ns=476466022 ≤ prev=476466022 (delta=0)
7621,timestamp_ns,timestamp_monotone,3,timestamp_ns=477656587 ≤ prev=477656587 (delta=0)
7708,timestamp_ns,timestamp_monotone,3,timestamp_ns=478593857 ≤ prev=478593857 (delta=0)
7768,timestamp_ns,timestamp_monotone,3,timestamp_ns=479304283 ≤ prev=479304283 (delta=0)
8015,timestamp_ns,timestamp_monotone,3,timestamp_ns=481812220 ≤ prev=481812220 (delta=0)
8038,timestamp_ns,timestamp_monotone,3,timestamp_ns=481990269 ≤ prev=481990269 (delta=0)
8139,timestamp_ns,timestamp_monotone,3,timestamp_ns=483028787 ≤ prev=483028787 (delta=0)
8159,timestamp_ns,timestamp_monotone,3,timestamp_ns=483268571 ≤ prev=483268571 (delta=0)
8183,timestamp_ns,timestamp_monotone,3,timestamp_ns=483553100 ≤ prev=483553100 (delta=0)
8312,timestamp_ns,timestamp_monotone,3,timestamp_ns=484944410 ≤ prev=484944410 (delta=0)
8587,timestamp_ns,timestamp_monotone,3,timestamp_ns=487892857 ≤ prev=487892857 (delta=0)
8602,timestamp_ns,timestamp_monotone,3,timestamp_ns=487998457 ≤ prev=487998457 (delta=0)
8648,timestamp_ns,timestamp_monotone,3,timestamp_ns=488449872 ≤ prev=488449872 (delta=0)
8696,timestamp_ns,timestamp_monotone,3,timestamp_ns=488854300 ≤ prev=488854300 (delta=0)
8762,timestamp_ns,timestamp_monotone,3,timestamp_ns=489621427 ≤ prev=489621427 (delta=0)
8825,timestamp_ns,timestamp_monotone,3,timestamp_ns=490345478 ≤ prev=490345478 (delta=0)
8829,timestamp_ns,timestamp_monotone,3,timestamp_ns=490368511 ≤ prev=490368511 (delta=0)
8903,timestamp_ns,timestamp_monotone,3,timestamp_ns=491233965 ≤ prev=491233965 (delta=0)
8912,timestamp_ns,timestamp_monotone,3,timestamp_ns=491292377 ≤ prev=491292377 (delta=0)
9028,timestamp_ns,timestamp_monotone,3,timestamp_ns=492500556 ≤ prev=492500556 (delta=0)
9107,timestamp_ns,timestamp_monotone,3,timestamp_ns=493409728 ≤ prev=493409728 (delta=0)
9221,timestamp_ns,timestamp_monotone,3,timestamp_ns=494741176 ≤ prev=494741176 (delta=0)
9558,timestamp_ns,timestamp_monotone,3,timestamp_ns=498060346 ≤ prev=498060346 (delta=0)
9613,timestamp_ns,timestamp_monotone,3,timestamp_ns=498611947 ≤ prev=498611947 (delta=0)
9921,timestamp_ns,timestamp_monotone,3,timestamp_ns=501728686 ≤ prev=501728686 (delta=0)
404,hit_multiplicity,hit_multiplicity_rule,3,"energy=105.4250 keV (threshold=5.0), hit_multiplicity=0"
646,hit_multiplicity,hit_multiplicity_rule,3,"energy=23.3150 keV (threshold=5.0), hit_multiplicity=0"
902,hit_multiplicity,hit_multiplicity_rule,3,"energy=43.5100 keV (threshold=5.0), hit_multiplicity=0"
1933,hit_multiplicity,hit_multiplicity_rule,3,"energy=104.7800 keV (threshold=5.0), hit_multiplicity=0"
2803,hit_multiplicity,hit_multiplicity_rule,3,"energy=25.4800 keV (threshold=5.0), hit_multiplicity=0"
2975,hit_multiplicity,hit_multiplicity_rule,3,"energy=104.0300 keV (threshold=5.0), hit_multiplicity=0"
2983,hit_multiplicity,hit_multiplicity_rule,3,"energy=190.1200 keV (threshold=5.0), hit_multiplicity=0"
3077,hit_multiplicity,hit_multiplicity_rule,3,"energy=53.5038 keV (threshold=5.0), hit_multiplicity=0"
3115,hit_multiplicity,hit_multiplicity_rule,3,"energy=178.7900 keV (threshold=5.0), hit_multiplicity=0"
3483,hit_multiplicity,hit_multiplicity_rule,3,"energy=20.6050 keV (threshold=5.0), hit_multiplicity=0"
3762,hit_multiplicity,hit_multiplicity_rule,3,"energy=5.0000 keV (threshold=5.0), hit_multiplicity=0"
5020,hit_multiplicity,hit_multiplicity_rule,3,"energy=49.5050 keV (threshold=5.0), hit_multiplicity=0"
5102,hit_multiplicity,hit_multiplicity_rule,3,"energy=68.2125 keV (threshold=5.0), hit_multiplicity=0"
5607,hit_multiplicity,hit_multiplicity_rule,3,"energy=89.4950 keV (threshold=5.0), hit_multiplicity=0"
7713,hit_multiplicity,hit_multiplicity_rule,3,"energy=18.7812 keV (threshold=5.0), hit_multiplicity=0"
8288,hit_multiplicity,hit_multiplicity_rule,3,"energy=76.8850 keV (threshold=5.0), hit_multiplicity=0"
9250,hit_multiplicity,hit_multiplicity_rule,3,"energy=248.8750 keV (threshold=5.0), hit_multiplicity=0"
9551,hit_multiplicity,hit_multiplicity_rule,3,"energy=87.8725 keV (threshold=5.0), hit_multiplicity=0"
9653,hit_multiplicity,hit_multiplicity_rule,3,"energy=98.5350 keV (threshold=5.0), hit_multiplicity=0"
29,temperature_K,temperature_rate_of_change,2,temp delta=3.9545 K > max=0.3 K (row 28: 293.0203 K → row 29: 296.9748 K)
30,temperature_K,temperature_rate_of_change,2,temp delta=4.0004 K > max=0.3 K (row 29: 296.9748 K → row 30: 292.9744 K)
351,temperature_K,temperature_rate_of_change,2,temp delta=5.7923 K > max=0.3 K (row 350: 293.3251 K → row 351: 299.1174 K)
352,temperature_K,temperature_rate_of_change,2,temp delta=5.7453 K > max=0.3 K (row 351: 299.1174 K → row 352: 293.3721 K)
615,temperature_K,temperature_rate_of_change,2,temp delta=5.0009 K > max=0.3 K (row 614: 293.2542 K → row 615: 288.2533 K)
616,temperature_K,temperature_rate_of_change,2,temp delta=4.9427 K > max=0.3 K (row 615: 288.2533 K → row 616: 293.1960 K)
946,temperature_K,temperature_rate_of_change,2,temp delta=6.3737 K > max=0.3 K (row 945: 293.3883 K → row 946: 287.0146 K)
947,temperature_K,temperature_rate_of_change,2,temp delta=6.5250 K > max=0.3 K (row 946: 287.0146 K → row 947: 293.5396 K)
1231,temperature_K,temperature_rate_of_change,2,temp delta=4.3402 K > max=0.3 K (row 1230: 293.3826 K → row 1231: 297.7228 K)
1232,temperature_K,temperature_rate_of_change,2,temp delta=4.3602 K > max=0.3 K (row 1231: 297.7228 K → row 1232: 293.3626 K)
1668,temperature_K,temperature_rate_of_change,2,temp delta=7.1693 K > max=0.3 K (row 1667: 292.8979 K → row 1668: 285.7286 K)
1669,temperature_K,temperature_rate_of_change,2,temp delta=7.1350 K > max=0.3 K (row 1668: 285.7286 K → row 1669: 292.8636 K)
1925,temperature_K,temperature_rate_of_change,2,temp delta=6.9195 K > max=0.3 K (row 1924: 293.1013 K → row 1925: 286.1818 K)
1926,temperature_K,temperature_rate_of_change,2,temp delta=6.9053 K > max=0.3 K (row 1925: 286.1818 K → row 1926: 293.0871 K)
1981,temperature_K,temperature_rate_of_change,2,temp delta=7.5473 K > max=0.3 K (row 1980: 292.9070 K → row 1981: 300.4543 K)
1982,temperature_K,temperature_rate_of_change,2,temp delta=7.5439 K > max=0.3 K (row 1981: 300.4543 K → row 1982: 292.9104 K)
2013,temperature_K,temperature_rate_of_change,2,temp delta=6.5900 K > max=0.3 K (row 2012: 292.8493 K → row 2013: 286.2593 K)
2014,temperature_K,temperature_rate_of_change,2,temp delta=6.7047 K > max=0.3 K (row 2013: 286.2593 K → row 2014: 292.9640 K)
2203,temperature_K,temperature_rate_of_change,2,temp delta=7.0547 K > max=0.3 K (row 2202: 293.0314 K → row 2203: 300.0861 K)
2204,temperature_K,temperature_rate_of_change,2,temp delta=7.0309 K > max=0.3 K (row 2203: 300.0861 K → row 2204: 293.0552 K)
2270,temperature_K,temperature_rate_of_change,2,temp delta=7.7535 K > max=0.3 K (row 2269: 293.3538 K → row 2270: 285.6003 K)
2271,temperature_K,temperature_rate_of_change,2,temp delta=7.8180 K > max=0.3 K (row 2270: 285.6003 K → row 2271: 293.4183 K)
2440,temperature_K,temperature_rate_of_change,2,temp delta=5.5353 K > max=0.3 K (row 2439: 293.0928 K → row 2440: 287.5575 K)
2441,temperature_K,temperature_rate_of_change,2,temp delta=5.6284 K > max=0.3 K (row 2440: 287.5575 K → row 2441: 293.1859 K)
2469,temperature_K,temperature_rate_of_change,2,temp delta=7.6547 K > max=0.3 K (row 2468: 293.1989 K → row 2469: 285.5442 K)
2470,temperature_K,temperature_rate_of_change,2,temp delta=7.7194 K > max=0.3 K (row 2469: 285.5442 K → row 2470: 293.2636 K)
2536,temperature_K,temperature_rate_of_change,2,temp delta=6.3890 K > max=0.3 K (row 2535: 293.2146 K → row 2536: 299.6036 K)
2537,temperature_K,temperature_rate_of_change,2,temp delta=6.4406 K > max=0.3 K (row 2536: 299.6036 K → row 2537: 293.1630 K)
2829,temperature_K,temperature_rate_of_change,2,temp delta=7.7456 K > max=0.3 K (row 2828: 293.4322 K → row 2829: 301.1778 K)
2830,temperature_K,temperature_rate_of_change,2,temp delta=7.7620 K > max=0.3 K (row 2829: 301.1778 K → row 2830: 293.4158 K)
2946,temperature_K,temperature_rate_of_change,2,temp delta=7.5444 K > max=0.3 K (row 2945: 293.2445 K → row 2946: 300.7889 K)
2947,temperature_K,temperature_rate_of_change,2,temp delta=7.5898 K > max=0.3 K (row 2946: 300.7889 K → row 2947: 293.1991 K)
3065,temperature_K,temperature_rate_of_change,2,temp delta=4.8461 K > max=0.3 K (row 3064: 292.9654 K → row 3065: 297.8115 K)
3066,temperature_K,temperature_rate_of_change,2,temp delta=4.8322 K > max=0.3 K (row 3065: 297.8115 K → row 3066: 292.9793 K)
3091,temperature_K,temperature_rate_of_change,2,temp delta=6.7959 K > max=0.3 K (row 3090: 292.8577 K → row 3091: 286.0618 K)
3092,temperature_K,temperature_rate_of_change,2,temp delta=6.7987 K > max=0.3 K (row 3091: 286.0618 K → row 3092: 292.8605 K)
3114,temperature_K,temperature_rate_of_change,2,temp delta=6.0315 K > max=0.3 K (row 3113: 292.8678 K → row 3114: 286.8363 K)
3115,temperature_K,temperature_rate_of_change,2,temp delta=6.0358 K > max=0.3 K (row 3114: 286.8363 K → row 3115: 292.8721 K)
3318,temperature_K,temperature_rate_of_change,2,temp delta=4.9427 K > max=0.3 K (row 3317: 292.9249 K → row 3318: 287.9822 K)
3319,temperature_K,temperature_rate_of_change,2,temp delta=4.9366 K > max=0.3 K (row 3318: 287.9822 K → row 3319: 292.9188 K)
3532,temperature_K,temperature_rate_of_change,2,temp delta=5.4500 K > max=0.3 K (row 3531: 293.5597 K → row 3532: 299.0097 K)
3533,temperature_K,temperature_rate_of_change,2,temp delta=5.5211 K > max=0.3 K (row 3532: 299.0097 K → row 3533: 293.4886 K)
3642,temperature_K,temperature_rate_of_change,2,temp delta=7.6597 K > max=0.3 K (row 3641: 293.2390 K → row 3642: 285.5793 K)
3643,temperature_K,temperature_rate_of_change,2,temp delta=7.6682 K > max=0.3 K (row 3642: 285.5793 K → row 3643: 293.2475 K)
3672,temperature_K,temperature_rate_of_change,2,temp delta=3.0631 K > max=0.3 K (row 3671: 293.0915 K → row 3672: 296.1546 K)
3673,temperature_K,temperature_rate_of_change,2,temp delta=3.0555 K > max=0.3 K (row 3672: 296.1546 K → row 3673: 293.0991 K)
3758,temperature_K,temperature_rate_of_change,2,temp delta=4.4087 K > max=0.3 K (row 3757: 292.9340 K → row 3758: 288.5253 K)
3759,temperature_K,temperature_rate_of_change,2,temp delta=4.3817 K > max=0.3 K (row 3758: 288.5253 K → row 3759: 292.9070 K)
3797,temperature_K,temperature_rate_of_change,2,temp delta=6.1540 K > max=0.3 K (row 3796: 293.1227 K → row 3797: 286.9687 K)
3798,temperature_K,temperature_rate_of_change,2,temp delta=6.2770 K > max=0.3 K (row 3797: 286.9687 K → row 3798: 293.2457 K)
3904,temperature_K,temperature_rate_of_change,2,temp delta=3.1402 K > max=0.3 K (row 3903: 294.1162 K → row 3904: 297.2564 K)
3905,temperature_K,temperature_rate_of_change,2,temp delta=3.2442 K > max=0.3 K (row 3904: 297.2564 K → row 3905: 294.0122 K)
4070,temperature_K,temperature_rate_of_change,2,temp delta=3.6285 K > max=0.3 K (row 4069: 293.3765 K → row 4070: 297.0050 K)
4071,temperature_K,temperature_rate_of_change,2,temp delta=3.6193 K > max=0.3 K (row 4070: 297.0050 K → row 4071: 293.3857 K)
4120,temperature_K,temperature_rate_of_change,2,temp delta=4.5330 K > max=0.3 K (row 4119: 293.3117 K → row 4120: 288.7787 K)
4121,temperature_K,temperature_rate_of_change,2,temp delta=4.5543 K > max=0.3 K (row 4120: 288.7787 K → row 4121: 293.3330 K)
4123,temperature_K,temperature_rate_of_change,2,temp delta=5.1545 K > max=0.3 K (row 4122: 293.2846 K → row 4123: 298.4391 K)
4124,temperature_K,temperature_rate_of_change,2,temp delta=5.1604 K > max=0.3 K (row 4123: 298.4391 K → row 4124: 293.2787 K)
4134,temperature_K,temperature_rate_of_change,2,temp delta=6.6113 K > max=0.3 K (row 4133: 293.2019 K → row 4134: 299.8132 K)
4135,temperature_K,temperature_rate_of_change,2,temp delta=6.7486 K > max=0.3 K (row 4134: 299.8132 K → row 4135: 293.0646 K)
4151,temperature_K,temperature_rate_of_change,2,temp delta=5.2065 K > max=0.3 K (row 4150: 293.0234 K → row 4151: 298.2299 K)
4152,temperature_K,temperature_rate_of_change,2,temp delta=5.1585 K > max=0.3 K (row 4151: 298.2299 K → row 4152: 293.0714 K)
4233,temperature_K,temperature_rate_of_change,2,temp delta=4.3582 K > max=0.3 K (row 4232: 292.9210 K → row 4233: 288.5628 K)
4234,temperature_K,temperature_rate_of_change,2,temp delta=4.4095 K > max=0.3 K (row 4233: 288.5628 K → row 4234: 292.9723 K)
4297,temperature_K,temperature_rate_of_change,2,temp delta=3.4112 K > max=0.3 K (row 4296: 293.0593 K → row 4297: 289.6481 K)
4298,temperature_K,temperature_rate_of_change,2,temp delta=3.4548 K > max=0.3 K (row 4297: 289.6481 K → row 4298: 293.1029 K)
4314,temperature_K,temperature_rate_of_change,2,temp delta=5.6891 K > max=0.3 K (row 4313: 292.9112 K → row 4314: 287.2221 K)
4315,temperature_K,temperature_rate_of_change,2,temp delta=5.7311 K > max=0.3 K (row 4314: 287.2221 K → row 4315: 292.9532 K)
4357,temperature_K,temperature_rate_of_change,2,temp delta=3.7764 K > max=0.3 K (row 4356: 293.0913 K → row 4357: 289.3149 K)
4358,temperature_K,temperature_rate_of_change,2,temp delta=3.7540 K > max=0.3 K (row 4357: 289.3149 K → row 4358: 293.0689 K)
4562,temperature_K,temperature_rate_of_change,2,temp delta=7.4022 K > max=0.3 K (row 4561: 293.1705 K → row 4562: 300.5727 K)
4563,temperature_K,temperature_rate_of_change,2,temp delta=7.3757 K > max=0.3 K (row 4562: 300.5727 K → row 4563: 293.1970 K)
4767,temperature_K,temperature_rate_of_change,2,temp delta=5.3609 K > max=0.3 K (row 4766: 292.7693 K → row 4767: 287.4084 K)
4768,temperature_K,temperature_rate_of_change,2,temp delta=5.3912 K > max=0.3 K (row 4767: 287.4084 K → row 4768: 292.7996 K)
4891,temperature_K,temperature_rate_of_change,2,temp delta=3.0096 K > max=0.3 K (row 4890: 292.8754 K → row 4891: 295.8850 K)
4892,temperature_K,temperature_rate_of_change,2,temp delta=2.9728 K > max=0.3 K (row 4891: 295.8850 K → row 4892: 292.9122 K)
5091,temperature_K,temperature_rate_of_change,2,temp delta=7.8154 K > max=0.3 K (row 5090: 293.3210 K → row 5091: 285.5056 K)
5092,temperature_K,temperature_rate_of_change,2,temp delta=7.8742 K > max=0.3 K (row 5091: 285.5056 K → row 5092: 293.3798 K)
5151,temperature_K,temperature_rate_of_change,2,temp delta=4.1034 K > max=0.3 K (row 5150: 293.3468 K → row 5151: 289.2434 K)
5152,temperature_K,temperature_rate_of_change,2,temp delta=4.1659 K > max=0.3 K (row 5151: 289.2434 K → row 5152: 293.4093 K)
5210,temperature_K,temperature_rate_of_change,2,temp delta=7.0425 K > max=0.3 K (row 5209: 292.8228 K → row 5210: 299.8653 K)
5211,temperature_K,temperature_rate_of_change,2,temp delta=7.0069 K > max=0.3 K (row 5210: 299.8653 K → row 5211: 292.8584 K)
5228,temperature_K,temperature_rate_of_change,2,temp delta=6.3085 K > max=0.3 K (row 5227: 292.6390 K → row 5228: 286.3305 K)
5229,temperature_K,temperature_rate_of_change,2,temp delta=6.2934 K > max=0.3 K (row 5228: 286.3305 K → row 5229: 292.6239 K)
5545,temperature_K,temperature_rate_of_change,2,temp delta=3.5235 K > max=0.3 K (row 5544: 293.6442 K → row 5545: 290.1207 K)
5546,temperature_K,temperature_rate_of_change,2,temp delta=3.3935 K > max=0.3 K (row 5545: 290.1207 K → row 5546: 293.5142 K)
5570,temperature_K,temperature_rate_of_change,2,temp delta=7.9103 K > max=0.3 K (row 5569: 293.4717 K → row 5570: 285.5614 K)
5571,temperature_K,temperature_rate_of_change,2,temp delta=8.0416 K > max=0.3 K (row 5570: 285.5614 K → row 5571: 293.6030 K)
5709,temperature_K,temperature_rate_of_change,2,temp delta=5.2043 K > max=0.3 K (row 5708: 293.3802 K → row 5709: 298.5845 K)
5710,temperature_K,temperature_rate_of_change,2,temp delta=5.0367 K > max=0.3 K (row 5709: 298.5845 K → row 5710: 293.5478 K)
5733,temperature_K,temperature_rate_of_change,2,temp delta=5.8762 K > max=0.3 K (row 5732: 293.3853 K → row 5733: 287.5091 K)
5734,temperature_K,temperature_rate_of_change,2,temp delta=5.9479 K > max=0.3 K (row 5733: 287.5091 K → row 5734: 293.4570 K)
5844,temperature_K,temperature_rate_of_change,2,temp delta=6.5379 K > max=0.3 K (row 5843: 293.3618 K → row 5844: 286.8239 K)
5845,temperature_K,temperature_rate_of_change,2,temp delta=6.4805 K > max=0.3 K (row 5844: 286.8239 K → row 5845: 293.3044 K)
6093,temperature_K,temperature_rate_of_change,2,temp delta=6.8511 K > max=0.3 K (row 6092: 293.1485 K → row 6093: 286.2974 K)
6094,temperature_K,temperature_rate_of_change,2,temp delta=6.7460 K > max=0.3 K (row 6093: 286.2974 K → row 6094: 293.0434 K)
6133,temperature_K,temperature_rate_of_change,2,temp delta=4.1664 K > max=0.3 K (row 6132: 292.9850 K → row 6133: 297.1514 K)
6134,temperature_K,temperature_rate_of_change,2,temp delta=4.1838 K > max=0.3 K (row 6133: 297.1514 K → row 6134: 292.9676 K)
6378,temperature_K,temperature_rate_of_change,2,temp delta=4.7971 K > max=0.3 K (row 6377: 293.3766 K → row 6378: 288.5795 K)
6379,temperature_K,temperature_rate_of_change,2,temp delta=4.8181 K > max=0.3 K (row 6378: 288.5795 K → row 6379: 293.3976 K)
6512,temperature_K,temperature_rate_of_change,2,temp delta=3.8843 K > max=0.3 K (row 6511: 293.2223 K → row 6512: 289.3380 K)
6513,temperature_K,temperature_rate_of_change,2,temp delta=3.8764 K > max=0.3 K (row 6512: 289.3380 K → row 6513: 293.2144 K)
6565,temperature_K,temperature_rate_of_change,2,temp delta=7.8421 K > max=0.3 K (row 6564: 292.9784 K → row 6565: 285.1363 K)
6566,temperature_K,temperature_rate_of_change,2,temp delta=7.9017 K > max=0.3 K (row 6565: 285.1363 K → row 6566: 293.0380 K)
6585,temperature_K,temperature_rate_of_change,2,temp delta=3.8940 K > max=0.3 K (row 6584: 292.9413 K → row 6585: 296.8353 K)
6586,temperature_K,temperature_rate_of_change,2,temp delta=3.9491 K > max=0.3 K (row 6585: 296.8353 K → row 6586: 292.8862 K)
6640,temperature_K,temperature_rate_of_change,2,temp delta=7.7391 K > max=0.3 K (row 6639: 292.7637 K → row 6640: 300.5028 K)
6641,temperature_K,temperature_rate_of_change,2,temp delta=7.7504 K > max=0.3 K (row 6640: 300.5028 K → row 6641: 292.7524 K)
6921,temperature_K,temperature_rate_of_change,2,temp delta=4.3268 K > max=0.3 K (row 6920: 292.2613 K → row 6921: 296.5881 K)
6922,temperature_K,temperature_rate_of_change,2,temp delta=4.3943 K > max=0.3 K (row 6921: 296.5881 K → row 6922: 292.1938 K)
7130,temperature_K,temperature_rate_of_change,2,temp delta=4.4598 K > max=0.3 K (row 7129: 293.4467 K → row 7130: 288.9869 K)
7131,temperature_K,temperature_rate_of_change,2,temp delta=4.4192 K > max=0.3 K (row 7130: 288.9869 K → row 7131: 293.4061 K)
7144,temperature_K,temperature_rate_of_change,2,temp delta=5.9901 K > max=0.3 K (row 7143: 293.3735 K → row 7144: 287.3834 K)
7145,temperature_K,temperature_rate_of_change,2,temp delta=6.0183 K > max=0.3 K (row 7144: 287.3834 K → row 7145: 293.4017 K)
7152,temperature_K,temperature_rate_of_change,2,temp delta=5.7810 K > max=0.3 K (row 7151: 293.3537 K → row 7152: 287.5727 K)
7153,temperature_K,temperature_rate_of_change,2,temp delta=5.7894 K > max=0.3 K (row 7152: 287.5727 K → row 7153: 293.3621 K)
7655,temperature_K,temperature_rate_of_change,2,temp delta=7.5246 K > max=0.3 K (row 7654: 292.9202 K → row 7655: 285.3956 K)
7656,temperature_K,temperature_rate_of_change,2,temp delta=7.6207 K > max=0.3 K (row 7655: 285.3956 K → row 7656: 293.0163 K)
7824,temperature_K,temperature_rate_of_change,2,temp delta=4.3248 K > max=0.3 K (row 7823: 292.9306 K → row 7824: 297.2554 K)
7825,temperature_K,temperature_rate_of_change,2,temp delta=4.2945 K > max=0.3 K (row 7824: 297.2554 K → row 7825: 292.9609 K)
7952,temperature_K,temperature_rate_of_change,2,temp delta=4.3345 K > max=0.3 K (row 7951: 293.4085 K → row 7952: 297.7430 K)
7953,temperature_K,temperature_rate_of_change,2,temp delta=4.3258 K > max=0.3 K (row 7952: 297.7430 K → row 7953: 293.4172 K)
8207,temperature_K,temperature_rate_of_change,2,temp delta=6.3113 K > max=0.3 K (row 8206: 293.5827 K → row 8207: 299.8940 K)
8208,temperature_K,temperature_rate_of_change,2,temp delta=6.2899 K > max=0.3 K (row 8207: 299.8940 K → row 8208: 293.6041 K)
8285,temperature_K,temperature_rate_of_change,2,temp delta=3.4744 K > max=0.3 K (row 8284: 293.1893 K → row 8285: 296.6637 K)
8286,temperature_K,temperature_rate_of_change,2,temp delta=3.3866 K > max=0.3 K (row 8285: 296.6637 K → row 8286: 293.2771 K)
8418,temperature_K,temperature_rate_of_change,2,temp delta=3.1073 K > max=0.3 K (row 8417: 292.6967 K → row 8418: 289.5894 K)
8419,temperature_K,temperature_rate_of_change,2,temp delta=3.1089 K > max=0.3 K (row 8418: 289.5894 K → row 8419: 292.6983 K)
8517,temperature_K,temperature_rate_of_change,2,temp delta=4.4807 K > max=0.3 K (row 8516: 292.5531 K → row 8517: 297.0338 K)
8518,temperature_K,temperature_rate_of_change,2,temp delta=4.5670 K > max=0.3 K (row 8517: 297.0338 K → row 8518: 292.4668 K)
8736,temperature_K,temperature_rate_of_change,2,temp delta=3.4485 K > max=0.3 K (row 8735: 292.9845 K → row 8736: 296.4330 K)
8737,temperature_K,temperature_rate_of_change,2,temp delta=3.3876 K > max=0.3 K (row 8736: 296.4330 K → row 8737: 293.0454 K)
8867,temperature_K,temperature_rate_of_change,2,temp delta=5.2857 K > max=0.3 K (row 8866: 293.1518 K → row 8867: 298.4375 K)
8868,temperature_K,temperature_rate_of_change,2,temp delta=5.3414 K > max=0.3 K (row 8867: 298.4375 K → row 8868: 293.0961 K)
8901,temperature_K,temperature_rate_of_change,2,temp delta=7.6022 K > max=0.3 K (row 8900: 292.8762 K → row 8901: 285.2740 K)
8902,temperature_K,temperature_rate_of_change,2,temp delta=7.6779 K > max=0.3 K (row 8901: 285.2740 K → row 8902: 292.9519 K)
8908,temperature_K,temperature_rate_of_change,2,temp delta=3.7012 K > max=0.3 K (row 8907: 293.0495 K → row 8908: 289.3483 K)
8909,temperature_K,temperature_rate_of_change,2,temp delta=3.6701 K > max=0.3 K (row 8908: 289.3483 K → row 8909: 293.0184 K)
9131,temperature_K,temperature_rate_of_change,2,temp delta=5.8256 K > max=0.3 K (row 9130: 293.0323 K → row 9131: 287.2067 K)
9132,temperature_K,temperature_rate_of_change,2,temp delta=5.8660 K > max=0.3 K (row 9131: 287.2067 K → row 9132: 293.0727 K)
9141,temperature_K,temperature_rate_of_change,2,temp delta=3.8187 K > max=0.3 K (row 9140: 293.0741 K → row 9141: 296.8928 K)
9142,temperature_K,temperature_rate_of_change,2,temp delta=3.6573 K > max=0.3 K (row 9141: 296.8928 K → row 9142: 293.2355 K)
9163,temperature_K,temperature_rate_of_change,2,temp delta=6.0993 K > max=0.3 K (row 9162: 293.0909 K → row 9163: 286.9916 K)
9164,temperature_K,temperature_rate_of_change,2,temp delta=6.0201 K > max=0.3 K (row 9163: 286.9916 K → row 9164: 293.0117 K)
9404,temperature_K,temperature_rate_of_change,2,temp delta=6.0368 K > max=0.3 K (row 9403: 293.2634 K → row 9404: 287.2266 K)
9405,temperature_K,temperature_rate_of_change,2,temp delta=5.9428 K > max=0.3 K (row 9404: 287.2266 K → row 9405: 293.1694 K)
9488,temperature_K,temperature_rate_of_change,2,temp delta=4.5262 K > max=0.3 K (row 9487: 293.4480 K → row 9488: 297.9742 K)
9489,temperature_K,temperature_rate_of_change,2,temp delta=4.3610 K > max=0.3 K (row 9488: 297.9742 K → row 9489: 293.6132 K)
9658,temperature_K,temperature_rate_of_change,2,temp delta=5.7465 K > max=0.3 K (row 9657: 292.5207 K → row 9658: 286.7742 K)
9659,temperature_K,temperature_rate_of_change,2,temp delta=5.7496 K > max=0.3 K (row 9658: 286.7742 K → row 9659: 292.5238 K)
9707,temperature_K,temperature_rate_of_change,2,temp delta=6.8909 K > max=0.3 K (row 9706: 292.1467 K → row 9707: 285.2558 K)
9708,temperature_K,temperature_rate_of_change,2,temp delta=6.8539 K > max=0.3 K (row 9707: 285.2558 K → row 9708: 292.1097 K)
9724,temperature_K,temperature_rate_of_change,2,temp delta=4.8120 K > max=0.3 K (row 9723: 292.8006 K → row 9724: 297.6126 K)
9725,temperature_K,temperature_rate_of_change,2,temp delta=4.7568 K > max=0.3 K (row 9724: 297.6126 K → row 9725: 292.8558 K)
9917,temperature_K,temperature_rate_of_change,2,temp delta=3.4014 K > max=0.3 K (row 9916: 292.3239 K → row 9917: 288.9225 K)
9918,temperature_K,temperature_rate_of_change,2,temp delta=3.5124 K > max=0.3 K (row 9917: 288.9225 K → row 9918: 292.4349 K)
9951,temperature_K,temperature_rate_of_change,2,temp delta=5.1671 K > max=0.3 K (row 9950: 292.4729 K → row 9951: 297.6400 K)
9952,temperature_K,temperature_rate_of_change,2,temp delta=5.1780 K > max=0.3 K (row 9951: 297.6400 K → row 9952: 292.4620 K)
9961,temperature_K,temperature_rate_of_change,2,temp delta=4.5489 K > max=0.3 K (row 9960: 292.5034 K → row 9961: 297.0523 K)
9962,temperature_K,temperature_rate_of_change,2,temp delta=4.4937 K > max=0.3 K (row 9961: 297.0523 K → row 9962: 292.5586 K)
129,signal_amplitude_mV,cross_field_amplitude,2,"amplitude=35.7940 mV, expected≈5.6527 mV, residual=30.1413 mV > tolerance=10.0 mV"
227,signal_amplitude_mV,cross_field_amplitude,2,"amplitude=265.4803 mV, expected≈150.8754 mV, residual=114.6049 mV > tolerance=10.0 mV"
248,signal_amplitude_mV,cross_field_amplitude,2,"amplitude=142.6579 mV, expected≈55.5634 mV, residual=87.0945 mV > tolerance=10.0 mV"
358,signal_amplitude_mV,cross_field_amplitude,2,"amplitude=389.7231 mV, expected≈140.1920 mV, residual=249.5311 mV > tolerance=10.0 mV"
404,signal_amplitude_mV,cross_field_amplitude,2,"amplitude=7.4931 mV, expected≈109.0177 mV, residual=101.5246 mV > tolerance=10.0 mV"
646,signal_amplitude_mV,cross_field_amplitude,2,"amplitude=8.3926 mV, expected≈28.5481 mV, residual=20.1555 mV > tolerance=10.0 mV"
688,signal_amplitude_mV,cross_field_amplitude,2,"amplitude=41.3989 mV, expected≈875.0929 mV, residual=833.6940 mV > tolerance=10.0 mV"
818,signal_amplitude_mV,cross_field_amplitude,2,"amplitude=363.5695 mV, expected≈17.7348 mV, residual=345.8347 mV > tolerance=10.0 mV"
874,signal_amplitude_mV,cross_field_amplitude,2,"amplitude=143.0836 mV, expected≈3405.7514 mV, residual=3262.6678 mV > tolerance=10.0 mV"
902,signal_amplitude_mV,cross_field_amplitude,2,"amplitude=10.8907 mV, expected≈54.9459 mV, residual=44.0552 mV > tolerance=10.0 mV"
912,signal_amplitude_mV,cross_field_amplitude,2,"amplitude=45.0719 mV, expected≈514.6336 mV, residual=469.5617 mV > tolerance=10.0 mV"
950,signal_amplitude_mV,cross_field_amplitude,2,"amplitude=49.3748 mV, expected≈2356.8513 mV, residual=2307.4765 mV > tolerance=10.0 mV"
961,signal_amplitude_mV,cross_field_amplitude,2,"amplitude=59.4682 mV, expected≈8.3595 mV, residual=51.1087 mV > tolerance=10.0 mV"
1018,signal_amplitude_mV,cross_field_amplitude,2,"amplitude=391.2040 mV, expected≈34.0674 mV, residual=357.1366 mV > tolerance=10.0 mV"
1057,signal_amplitude_mV,cross_field_amplitude,2,"amplitude=43.5851 mV, expected≈1793.4208 mV, residual=1749.8357 mV > tolerance=10.0 mV"
1071,signal_amplitude_mV,cross_field_amplitude,2,"amplitude=357.4279 mV, expected≈4.7624 mV, residual=352.6655 mV > tolerance=10.0 mV"
1130,signal_amplitude_mV,cross_field_amplitude,2,"amplitude=16.1768 mV, expected≈337.1963 mV, residual=321.0195 mV > tolerance=10.0 mV"
1312,signal_amplitude_mV,cross_field_amplitude,2,"amplitude=175.7747 mV, expected≈15.6053 mV, residual=160.1694 mV > tolerance=10.0 mV"
1541,signal_amplitude_mV,cross_field_amplitude,2,"amplitude=259.9652 mV, expected≈95.3119 mV, residual=164.6533 mV > tolerance=10.0 mV"
1610,signal_amplitude_mV,cross_field_amplitude,2,"amplitude=231.6577 mV, expected≈14.1029 mV, residual=217.5548 mV > tolerance=10.0 mV"
1650,signal_amplitude_mV,cross_field_amplitude,2,"amplitude=229.0551 mV, expected≈109.7665 mV, residual=119.2886 mV > tolerance=10.0 mV"
1676,signal_amplitude_mV,cross_field_amplitude,2,"amplitude=16.0145 mV, expected≈133.7694 mV, residual=117.7549 mV > tolerance=10.0 mV"
1750,signal_amplitude_mV,cross_field_amplitude,2,"amplitude=72.4188 mV, expected≈16.9327 mV, residual=55.4861 mV > tolerance=10.0 mV"
1764,signal_amplitude_mV,cross_field_amplitude,2,"amplitude=31.1795 mV, expected≈353.4966 mV, residual=322.3171 mV > tolerance=10.0 mV"
1880,signal_amplitude_mV,cross_field_amplitude,2,"amplitude=352.1906 mV, expected≈29.5443 mV, residual=322.6463 mV > tolerance=10.0 mV"
1896,signal_amplitude_mV,cross_field_amplitude,2,"amplitude=35.4906 mV, expected≈4.3843 mV, residual=31.1063 mV > tolerance=10.0 mV"
1913,signal_amplitude_mV,cross_field_amplitude,2,"amplitude=343.8570 mV, expected≈26.4306 mV, residual=317.4264 mV > tolerance=10.0 mV"
1933,signal_amplitude_mV,cross_field_amplitude,2,"amplitude=3.0066 mV, expected≈102.3368 mV, residual=99.3302 mV > tolerance=10.0 mV"
2132,signal_amplitude_mV,cross_field_amplitude,2,"amplitude=298.7615 mV, expected≈6.2970 mV, residual=292.4645 mV > tolerance=10.0 mV"
2133,signal_amplitude_mV,cross_field_amplitude,2,"amplitude=353.3356 mV, expected≈7.0202 mV, residual=346.3154 mV > tolerance=10.0 mV"
2445,signal_amplitude_mV,cross_field_amplitude,2,"amplitude=16.8972 mV, expected≈470.2068 mV, residual=453.3096 mV > tolerance=10.0 mV"
2516,signal_amplitude_mV,cross_field_amplitude,2,"amplitude=10.7554 mV, expected≈195.1723 mV, residual=184.4169 mV > tolerance=10.0 mV"
2580,signal_amplitude_mV,cross_field_amplitude,2,"amplitude=365.3289 mV, expected≈108.2512 mV, residual=257.0777 mV > tolerance=10.0 mV"
2658,signal_amplitude_mV,cross_field_amplitude,2,"amplitude=251.4402 mV, expected≈26.8372 mV, residual=224.6030 mV > tolerance=10.0 mV"
2689,signal_amplitude_mV,cross_field_amplitude,2,"amplitude=24.9218 mV, expected≈549.2582 mV, residual=524.3364 mV > tolerance=10.0 mV"
2693,signal_amplitude_mV,cross_field_amplitude,2,"amplitude=58.2887 mV, expected≈5.2615 mV, residual=53.0272 mV > tolerance=10.0 mV"
2726,signal_amplitude_mV,cross_field_amplitude,2,"amplitude=191.2164 mV, expected≈24.4115 mV, residual=166.8049 mV > tolerance=10.0 mV"
2780,signal_amplitude_mV,cross_field_amplitude,2,"amplitude=14.5178 mV, expected≈490.8000 mV, residual=476.2822 mV > tolerance=10.0 mV"
2803,signal_amplitude_mV,cross_field_amplitude,2,"amplitude=6.2120 mV, expected≈26.9686 mV, residual=20.7566 mV > tolerance=10.0 mV"
2826,signal_amplitude_mV,cross_field_amplitude,2,"amplitude=21.2012 mV, expected≈412.3606 mV, residual=391.1594 mV > tolerance=10.0 mV"
2848,signal_amplitude_mV,cross_field_amplitude,2,"amplitude=38.7236 mV, expected≈793.2818 mV, residual=754.5582 mV > tolerance=10.0 mV"
2896,signal_amplitude_mV,cross_field_amplitude,2,"amplitude=125.5493 mV, expected≈44.8998 mV, residual=80.6495 mV > tolerance=10.0 mV"
2929,signal_amplitude_mV,cross_field_amplitude,2,"amplitude=399.5618 mV, expected≈23.1498 mV, residual=376.4120 mV > tolerance=10.0 mV"
2941,signal_amplitude_mV,cross_field_amplitude,2,"amplitude=5.9468 mV, expected≈233.7614 mV, residual=227.8146 mV > tolerance=10.0 mV"
2962,signal_amplitude_mV,cross_field_amplitude,2,"amplitude=40.0921 mV, expected≈440.0863 mV, residual=399.9942 mV > tolerance=10.0 mV"
2975,signal_amplitude_mV,cross_field_amplitude,2,"amplitude=7.4083 mV, expected≈123.7766 mV, residual=116.3683 mV > tolerance=10.0 mV"
2983,signal_amplitude_mV,cross_field_amplitude,2,"amplitude=4.5266 mV, expected≈170.4817 mV, residual=165.9551 mV > tolerance=10.0 mV"
3077,signal_amplitude_mV,cross_field_amplitude,2,"amplitude=10.2354 mV, expected≈62.6876 mV, residual=52.4522 mV > tolerance=10.0 mV"
3115,signal_amplitude_mV,cross_field_amplitude,2,"amplitude=9.9679 mV, expected≈183.1791 mV, residual=173.2112 mV > tolerance=10.0 mV"
3140,signal_amplitude_mV,cross_field_amplitude,2,"amplitude=237.2132 mV, expected≈127.5382 mV, residual=109.6750 mV > tolerance=10.0 mV"
3157,signal_amplitude_mV,cross_field_amplitude,2,"amplitude=119.1103 mV, expected≈32.8581 mV, residual=86.2522 mV > tolerance=10.0 mV"
3237,signal_amplitude_mV,cross_field_amplitude,2,"amplitude=112.4427 mV, expected≈57.1552 mV, residual=55.2875 mV > tolerance=10.0 mV"
3320,signal_amplitude_mV,cross_field_amplitude,2,"amplitude=41.4644 mV, expected≈59.7056 mV, residual=18.2412 mV > tolerance=10.0 mV"
3407,signal_amplitude_mV,cross_field_amplitude,2,"amplitude=132.8838 mV, expected≈1606.9047 mV, residual=1474.0209 mV > tolerance=10.0 mV"
3413,signal_amplitude_mV,cross_field_amplitude,2,"amplitude=15.8332 mV, expected≈273.4750 mV, residual=257.6418 mV > tolerance=10.0 mV"
3430,signal_amplitude_mV,cross_field_amplitude,2,"amplitude=42.3604 mV, expected≈884.0235 mV, residual=841.6631 mV > tolerance=10.0 mV"
3454,signal_amplitude_mV,cross_field_amplitude,2,"amplitude=63.9586 mV, expected≈4.1402 mV, residual=59.8184 mV > tolerance=10.0 mV"
3483,signal_amplitude_mV,cross_field_amplitude,2,"amplitude=6.5777 mV, expected≈26.9831 mV, residual=20.4054 mV > tolerance=10.0 mV"
3488,signal_amplitude_mV,cross_field_amplitude,2,"amplitude=303.9396 mV, expected≈32.3866 mV, residual=271.5530 mV > tolerance=10.0 mV"
3495,signal_amplitude_mV,cross_field_amplitude,2,"amplitude=147.4298 mV, expected≈3578.7432 mV, residual=3431.3134 mV > tolerance=10.0 mV"
3538,signal_amplitude_mV,cross_field_amplitude,2,"amplitude=26.7406 mV, expected≈301.7785 mV, residual=275.0379 mV > tolerance=10.0 mV"
3608,signal_amplitude_mV,cross_field_amplitude,2,"amplitude=235.7801 mV, expected≈24.8729 mV, residual=210.9072 mV > tolerance=10.0 mV"
3788,signal_amplitude_mV,cross_field_amplitude,2,"amplitude=154.0467 mV, expected≈14.9609 mV, residual=139.0858 mV > tolerance=10.0 mV"
3890,signal_amplitude_mV,cross_field_amplitude,2,"amplitude=161.7811 mV, expected≈1958.5371 mV, residual=1796.7560 mV > tolerance=10.0 mV"
3903,signal_amplitude_mV,cross_field_amplitude,2,"amplitude=298.9871 mV, expected≈43.5438 mV, residual=255.4433 mV > tolerance=10.0 mV"
3915,signal_amplitude_mV,cross_field_amplitude,2,"amplitude=99.4407 mV, expected≈19.1048 mV, residual=80.3359 mV > tolerance=10.0 mV"
4018,signal_amplitude_mV,cross_field_amplitude,2,"amplitude=224.8391 mV, expected≈10.1990 mV, residual=214.6401 mV > tolerance=10.0 mV"
4319,signal_amplitude_mV,cross_field_amplitude,2,"amplitude=25.0200 mV, expected≈1038.3393 mV, residual=1013.3193 mV > tolerance=10.0 mV"
4337,signal_amplitude_mV,cross_field_amplitude,2,"amplitude=47.2431 mV, expected≈2058.2245 mV, residual=2010.9814 mV > tolerance=10.0 mV"
4507,signal_amplitude_mV,cross_field_amplitude,2,"amplitude=116.4297 mV, expected≈2851.4119 mV, residual=2734.9822 mV > tolerance=10.0 mV"
4646,signal_amplitude_mV,cross_field_amplitude,2,"amplitude=47.7585 mV, expected≈1036.0433 mV, residual=988.2848 mV > tolerance=10.0 mV"
4649,signal_amplitude_mV,cross_field_amplitude,2,"amplitude=25.3662 mV, expected≈280.9291 mV, residual=255.5629 mV > tolerance=10.0 mV"
4904,signal_amplitude_mV,cross_field_amplitude,2,"amplitude=244.4439 mV, expected≈5.5082 mV, residual=238.9357 mV > tolerance=10.0 mV"
5020,signal_amplitude_mV,cross_field_amplitude,2,"amplitude=7.3108 mV, expected≈50.7017 mV, residual=43.3909 mV > tolerance=10.0 mV"
5081,signal_amplitude_mV,cross_field_amplitude,2,"amplitude=134.7510 mV, expected≈3227.4178 mV, residual=3092.6668 mV > tolerance=10.0 mV"
5102,signal_amplitude_mV,cross_field_amplitude,2,"amplitude=5.7105 mV, expected≈70.8292 mV, residual=65.1187 mV > tolerance=10.0 mV"
5133,signal_amplitude_mV,cross_field_amplitude,2,"amplitude=55.0727 mV, expected≈6.5446 mV, residual=48.5281 mV > tolerance=10.0 mV"
5271,signal_amplitude_mV,cross_field_amplitude,2,"amplitude=372.2995 mV, expected≈3.8013 mV, residual=368.4982 mV > tolerance=10.0 mV"
5274,signal_amplitude_mV,cross_field_amplitude,2,"amplitude=137.2570 mV, expected≈103.9565 mV, residual=33.3005 mV > tolerance=10.0 mV"
5277,signal_amplitude_mV,cross_field_amplitude,2,"amplitude=43.0905 mV, expected≈6.1466 mV, residual=36.9439 mV > tolerance=10.0 mV"
5399,signal_amplitude_mV,cross_field_amplitude,2,"amplitude=80.9171 mV, expected≈4.0914 mV, residual=76.8257 mV > tolerance=10.0 mV"
5509,signal_amplitude_mV,cross_field_amplitude,2,"amplitude=19.8944 mV, expected≈187.4431 mV, residual=167.5487 mV > tolerance=10.0 mV"
5607,signal_amplitude_mV,cross_field_amplitude,2,"amplitude=5.1321 mV, expected≈86.0510 mV, residual=80.9189 mV > tolerance=10.0 mV"
5627,signal_amplitude_mV,cross_field_amplitude,2,"amplitude=13.6682 mV, expected≈241.2322 mV, residual=227.5640 mV > tolerance=10.0 mV"
5630,signal_amplitude_mV,cross_field_amplitude,2,"amplitude=239.9637 mV, expected≈123.8800 mV, residual=116.0837 mV > tolerance=10.0 mV"
5644,signal_amplitude_mV,cross_field_amplitude,2,"amplitude=56.7792 mV, expected≈662.5099 mV, residual=605.7307 mV > tolerance=10.0 mV"
5807,signal_amplitude_mV,cross_field_amplitude,2,"amplitude=288.3772 mV, expected≈33.8910 mV, residual=254.4862 mV > tolerance=10.0 mV"
5838,signal_amplitude_mV,cross_field_amplitude,2,"amplitude=164.3174 mV, expected≈2003.4321 mV, residual=1839.1147 mV > tolerance=10.0 mV"
5857,signal_amplitude_mV,cross_field_amplitude,2,"amplitude=11.5963 mV, expected≈130.5920 mV, residual=118.9957 mV > tolerance=10.0 mV"
5921,signal_amplitude_mV,cross_field_amplitude,2,"amplitude=17.1220 mV, expected≈194.2353 mV, residual=177.1133 mV > tolerance=10.0 mV"
5976,signal_amplitude_mV,cross_field_amplitude,2,"amplitude=16.4588 mV, expected≈121.0146 mV, residual=104.5558 mV > tolerance=10.0 mV"
5991,signal_amplitude_mV,cross_field_amplitude,2,"amplitude=96.1215 mV, expected≈2313.8870 mV, residual=2217.7655 mV > tolerance=10.0 mV"
6063,signal_amplitude_mV,cross_field_amplitude,2,"amplitude=42.2436 mV, expected≈931.7727 mV, residual=889.5291 mV > tolerance=10.0 mV"
6105,signal_amplitude_mV,cross_field_amplitude,2,"amplitude=17.7773 mV, expected≈147.8370 mV, residual=130.0597 mV > tolerance=10.0 mV"
6218,signal_amplitude_mV,cross_field_amplitude,2,"amplitude=9.8819 mV, expected≈225.7028 mV, residual=215.8209 mV > tolerance=10.0 mV"
6432,signal_amplitude_mV,cross_field_amplitude,2,"amplitude=181.0167 mV, expected≈19.3705 mV, residual=161.6462 mV > tolerance=10.0 mV"
6455,signal_amplitude_mV,cross_field_amplitude,2,"amplitude=12.7674 mV, expected≈243.6613 mV, residual=230.8939 mV > tolerance=10.0 mV"
6542,signal_amplitude_mV,cross_field_amplitude,2,"amplitude=13.3777 mV, expected≈286.6653 mV, residual=273.2876 mV > tolerance=10.0 mV"
6627,signal_amplitude_mV,cross_field_amplitude,2,"amplitude=66.6078 mV, expected≈20.8532 mV, residual=45.7546 mV > tolerance=10.0 mV"
6629,signal_amplitude_mV,cross_field_amplitude,2,"amplitude=287.7764 mV, expected≈97.8634 mV, residual=189.9130 mV > tolerance=10.0 mV"
6650,signal_amplitude_mV,cross_field_amplitude,2,"amplitude=119.3055 mV, expected≈2832.9312 mV, residual=2713.6257 mV > tolerance=10.0 mV"
6661,signal_amplitude_mV,cross_field_amplitude,2,"amplitude=110.8268 mV, expected≈2690.7445 mV, residual=2579.9177 mV > tolerance=10.0 mV"
6723,signal_amplitude_mV,cross_field_amplitude,2,"amplitude=307.9216 mV, expected≈8.9593 mV, residual=298.9623 mV > tolerance=10.0 mV"
6847,signal_amplitude_mV,cross_field_amplitude,2,"amplitude=120.5439 mV, expected≈5746.9236 mV, residual=5626.3797 mV > tolerance=10.0 mV"
6902,signal_amplitude_mV,cross_field_amplitude,2,"amplitude=108.0746 mV, expected≈2601.7262 mV, residual=2493.6516 mV > tolerance=10.0 mV"
6983,signal_amplitude_mV,cross_field_amplitude,2,"amplitude=210.3995 mV, expected≈132.5283 mV, residual=77.8712 mV > tolerance=10.0 mV"
6995,signal_amplitude_mV,cross_field_amplitude,2,"amplitude=143.7816 mV, expected≈43.0816 mV, residual=100.7000 mV > tolerance=10.0 mV"
7000,signal_amplitude_mV,cross_field_amplitude,2,"amplitude=9.6642 mV, expected≈71.0031 mV, residual=61.3389 mV > tolerance=10.0 mV"
7027,signal_amplitude_mV,cross_field_amplitude,2,"amplitude=287.2407 mV, expected≈117.4179 mV, residual=169.8228 mV > tolerance=10.0 mV"
7073,signal_amplitude_mV,cross_field_amplitude,2,"amplitude=87.9249 mV, expected≈7.9903 mV, residual=79.9346 mV > tolerance=10.0 mV"
7260,signal_amplitude_mV,cross_field_amplitude,2,"amplitude=40.3606 mV, expected≈52.9338 mV, residual=12.5732 mV > tolerance=10.0 mV"
7327,signal_amplitude_mV,cross_field_amplitude,2,"amplitude=166.9565 mV, expected≈11.1155 mV, residual=155.8410 mV > tolerance=10.0 mV"
7348,signal_amplitude_mV,cross_field_amplitude,2,"amplitude=375.3403 mV, expected≈15.4303 mV, residual=359.9100 mV > tolerance=10.0 mV"
7487,signal_amplitude_mV,cross_field_amplitude,2,"amplitude=97.1088 mV, expected≈7.5700 mV, residual=89.5388 mV > tolerance=10.0 mV"
7518,signal_amplitude_mV,cross_field_amplitude,2,"amplitude=17.4830 mV, expected≈133.2820 mV, residual=115.7990 mV > tolerance=10.0 mV"
7526,signal_amplitude_mV,cross_field_amplitude,2,"amplitude=83.2395 mV, expected≈128.6363 mV, residual=45.3968 mV > tolerance=10.0 mV"
7572,signal_amplitude_mV,cross_field_amplitude,2,"amplitude=81.9655 mV, expected≈42.3897 mV, residual=39.5758 mV > tolerance=10.0 mV"
7589,signal_amplitude_mV,cross_field_amplitude,2,"amplitude=338.2934 mV, expected≈12.3459 mV, residual=325.9475 mV > tolerance=10.0 mV"
7594,signal_amplitude_mV,cross_field_amplitude,2,"amplitude=136.1390 mV, expected≈6473.6107 mV, residual=6337.4717 mV > tolerance=10.0 mV"
7707,signal_amplitude_mV,cross_field_amplitude,2,"amplitude=80.0859 mV, expected≈1853.3837 mV, residual=1773.2978 mV > tolerance=10.0 mV"
7713,signal_amplitude_mV,cross_field_amplitude,2,"amplitude=4.6109 mV, expected≈22.5418 mV, residual=17.9309 mV > tolerance=10.0 mV"
7761,signal_amplitude_mV,cross_field_amplitude,2,"amplitude=214.0055 mV, expected≈6.7152 mV, residual=207.2903 mV > tolerance=10.0 mV"
7776,signal_amplitude_mV,cross_field_amplitude,2,"amplitude=30.8023 mV, expected≈1125.7507 mV, residual=1094.9484 mV > tolerance=10.0 mV"
7818,signal_amplitude_mV,cross_field_amplitude,2,"amplitude=348.8096 mV, expected≈28.5056 mV, residual=320.3040 mV > tolerance=10.0 mV"
7917,signal_amplitude_mV,cross_field_amplitude,2,"amplitude=306.7628 mV, expected≈124.4020 mV, residual=182.3608 mV > tolerance=10.0 mV"
7932,signal_amplitude_mV,cross_field_amplitude,2,"amplitude=23.3745 mV, expected≈812.7197 mV, residual=789.3452 mV > tolerance=10.0 mV"
7936,signal_amplitude_mV,cross_field_amplitude,2,"amplitude=182.1692 mV, expected≈15.4666 mV, residual=166.7026 mV > tolerance=10.0 mV"
7955,signal_amplitude_mV,cross_field_amplitude,2,"amplitude=307.3306 mV, expected≈145.9937 mV, residual=161.3369 mV > tolerance=10.0 mV"
8028,signal_amplitude_mV,cross_field_amplitude,2,"amplitude=315.2856 mV, expected≈7.4345 mV, residual=307.8511 mV > tolerance=10.0 mV"
8036,signal_amplitude_mV,cross_field_amplitude,2,"amplitude=348.5109 mV, expected≈10.9692 mV, residual=337.5417 mV > tolerance=10.0 mV"
8062,signal_amplitude_mV,cross_field_amplitude,2,"amplitude=225.4376 mV, expected≈23.2791 mV, residual=202.1585 mV > tolerance=10.0 mV"
8288,signal_amplitude_mV,cross_field_amplitude,2,"amplitude=3.9053 mV, expected≈79.6516 mV, residual=75.7463 mV > tolerance=10.0 mV"
8327,signal_amplitude_mV,cross_field_amplitude,2,"amplitude=12.4187 mV, expected≈503.5743 mV, residual=491.1556 mV > tolerance=10.0 mV"
8661,signal_amplitude_mV,cross_field_amplitude,2,"amplitude=330.5268 mV, expected≈26.0689 mV, residual=304.4579 mV > tolerance=10.0 mV"
8743,signal_amplitude_mV,cross_field_amplitude,2,"amplitude=224.3665 mV, expected≈7.1382 mV, residual=217.2283 mV > tolerance=10.0 mV"
8826,signal_amplitude_mV,cross_field_amplitude,2,"amplitude=145.1543 mV, expected≈130.4519 mV, residual=14.7024 mV > tolerance=10.0 mV"
8870,signal_amplitude_mV,cross_field_amplitude,2,"amplitude=122.2318 mV, expected≈1460.5548 mV, residual=1338.3230 mV > tolerance=10.0 mV"
8972,signal_amplitude_mV,cross_field_amplitude,2,"amplitude=335.3286 mV, expected≈11.6322 mV, residual=323.6964 mV > tolerance=10.0 mV"
8975,signal_amplitude_mV,cross_field_amplitude,2,"amplitude=114.4387 mV, expected≈64.9053 mV, residual=49.5334 mV > tolerance=10.0 mV"
9025,signal_amplitude_mV,cross_field_amplitude,2,"amplitude=22.4832 mV, expected≈249.9981 mV, residual=227.5149 mV > tolerance=10.0 mV"
9077,signal_amplitude_mV,cross_field_amplitude,2,"amplitude=9.4822 mV, expected≈308.1668 mV, residual=298.6846 mV > tolerance=10.0 mV"
9250,signal_amplitude_mV,cross_field_amplitude,2,"amplitude=11.7309 mV, expected≈273.5115 mV, residual=261.7806 mV > tolerance=10.0 mV"
9319,signal_amplitude_mV,cross_field_amplitude,2,"amplitude=26.3245 mV, expected≈1041.8512 mV, residual=1015.5267 mV > tolerance=10.0 mV"
9332,signal_amplitude_mV,cross_field_amplitude,2,"amplitude=185.6493 mV, expected≈75.8008 mV, residual=109.8485 mV > tolerance=10.0 mV"
9350,signal_amplitude_mV,cross_field_amplitude,2,"amplitude=46.4954 mV, expected≈1023.3853 mV, residual=976.8899 mV > tolerance=10.0 mV"
9506,signal_amplitude_mV,cross_field_amplitude,2,"amplitude=24.6502 mV, expected≈206.4534 mV, residual=181.8032 mV > tolerance=10.0 mV"
9551,signal_amplitude_mV,cross_field_amplitude,2,"amplitude=8.6531 mV, expected≈100.3021 mV, residual=91.6490 mV > tolerance=10.0 mV"
9581,signal_amplitude_mV,cross_field_amplitude,2,"amplitude=9.2952 mV, expected≈142.5703 mV, residual=133.2751 mV > tolerance=10.0 mV"
9614,signal_amplitude_mV,cross_field_amplitude,2,"amplitude=228.2741 mV, expected≈34.8401 mV, residual=193.4340 mV > tolerance=10.0 mV"
9630,signal_amplitude_mV,cross_field_amplitude,2,"amplitude=80.6340 mV, expected≈4.7055 mV, residual=75.9285 mV > tolerance=10.0 mV"
9650,signal_amplitude_mV,cross_field_amplitude,2,"amplitude=344.9389 mV, expected≈11.7291 mV, residual=333.2098 mV > tolerance=10.0 mV"
9653,signal_amplitude_mV,cross_field_amplitude,2,"amplitude=6.9093 mV, expected≈103.2049 mV, residual=96.2956 mV > tolerance=10.0 mV"
688,energy_deposit_keV,z_score,1,"energy_deposit_keV z=14.83 (window=500, threshold=±3.5, value=760.7150, window_mean=32.5587)"
874,energy_deposit_keV,z_score,1,"energy_deposit_keV z=21.13 (window=500, threshold=±3.5, value=3270.2025, window_mean=39.1668)"
950,energy_deposit_keV,z_score,1,"energy_deposit_keV z=12.58 (window=500, threshold=±3.5, value=2386.4050, window_mean=43.8763)"
1057,energy_deposit_keV,z_score,1,"energy_deposit_keV z=9.24 (window=500, threshold=±3.5, value=1940.4750, window_mean=48.2493)"
1764,energy_deposit_keV,z_score,1,"energy_deposit_keV z=7.64 (window=500, threshold=±3.5, value=344.8062, window_mean=32.2280)"
2445,energy_deposit_keV,z_score,1,"energy_deposit_keV z=9.16 (window=500, threshold=±3.5, value=434.4000, window_mean=32.8967)"
2516,energy_deposit_keV,z_score,1,"energy_deposit_keV z=3.91 (window=500, threshold=±3.5, value=209.9725, window_mean=34.3517)"
2689,energy_deposit_keV,z_score,1,"energy_deposit_keV z=10.38 (window=500, threshold=±3.5, value=565.3550, window_mean=36.9831)"
2780,energy_deposit_keV,z_score,1,"energy_deposit_keV z=7.76 (window=500, threshold=±3.5, value=459.3600, window_mean=38.0322)"
2826,energy_deposit_keV,z_score,1,"energy_deposit_keV z=6.23 (window=500, threshold=±3.5, value=386.5850, window_mean=37.9294)"
2848,energy_deposit_keV,z_score,1,"energy_deposit_keV z=11.11 (window=500, threshold=±3.5, value=756.0000, window_mean=39.3282)"
2962,energy_deposit_keV,z_score,1,"energy_deposit_keV z=5.48 (window=500, threshold=±3.5, value=399.9563, window_mean=41.1984)"
3407,energy_deposit_keV,z_score,1,"energy_deposit_keV z=18.86 (window=500, threshold=±3.5, value=1661.2700, window_mean=41.4346)"
3430,energy_deposit_keV,z_score,1,"energy_deposit_keV z=8.46 (window=500, threshold=±3.5, value=827.4775, window_mean=41.8157)"
3495,energy_deposit_keV,z_score,1,"energy_deposit_keV z=18.91 (window=500, threshold=±3.5, value=3258.3025, window_mean=46.6642)"
3890,energy_deposit_keV,z_score,1,"energy_deposit_keV z=9.51 (window=500, threshold=±3.5, value=1830.1588, window_mean=45.9016)"
4319,energy_deposit_keV,z_score,1,"energy_deposit_keV z=9.52 (window=500, threshold=±3.5, value=976.4450, window_mean=38.3956)"
4337,energy_deposit_keV,z_score,1,"energy_deposit_keV z=15.64 (window=500, threshold=±3.5, value=2201.8450, window_mean=42.8151)"
4507,energy_deposit_keV,z_score,1,"energy_deposit_keV z=17.53 (window=500, threshold=±3.5, value=3218.0450, window_mean=44.5985)"
4646,energy_deposit_keV,z_score,1,"energy_deposit_keV z=4.60 (window=500, threshold=±3.5, value=901.7500, window_mean=48.7064)"
5081,energy_deposit_keV,z_score,1,"energy_deposit_keV z=20.56 (window=500, threshold=±3.5, value=3145.8725, window_mean=44.7457)"
5627,energy_deposit_keV,z_score,1,"energy_deposit_keV z=5.87 (window=500, threshold=±3.5, value=277.8125, window_mean=33.2564)"
5644,energy_deposit_keV,z_score,1,"energy_deposit_keV z=12.53 (window=500, threshold=±3.5, value=664.6988, window_mean=34.5003)"
5838,energy_deposit_keV,z_score,1,"energy_deposit_keV z=18.82 (window=500, threshold=±3.5, value=1820.5063, window_mean=39.9480)"
5991,energy_deposit_keV,z_score,1,"energy_deposit_keV z=17.42 (window=500, threshold=±3.5, value=2677.3400, window_mean=44.0108)"
6063,energy_deposit_keV,z_score,1,"energy_deposit_keV z=5.43 (window=500, threshold=±3.5, value=891.4375, window_mean=45.7561)"
6542,energy_deposit_keV,z_score,1,"energy_deposit_keV z=4.61 (window=500, threshold=±3.5, value=303.6800, window_mean=34.4995)"
6650,energy_deposit_keV,z_score,1,"energy_deposit_keV z=21.17 (window=500, threshold=±3.5, value=2859.1975, window_mean=36.9585)"
6661,energy_deposit_keV,z_score,1,"energy_deposit_keV z=15.98 (window=500, threshold=±3.5, value=3091.7075, window_mean=42.9603)"
6847,energy_deposit_keV,z_score,1,"energy_deposit_keV z=17.53 (window=500, threshold=±3.5, value=5442.1150, window_mean=52.0513)"
6902,energy_deposit_keV,z_score,1,"energy_deposit_keV z=8.27 (window=500, threshold=±3.5, value=2795.2175, window_mean=56.8351)"
7594,energy_deposit_keV,z_score,1,"energy_deposit_keV z=22.12 (window=500, threshold=±3.5, value=6364.3250, window_mean=45.4951)"
7707,energy_deposit_keV,z_score,1,"energy_deposit_keV z=5.73 (window=500, threshold=±3.5, value=1742.6500, window_mean=48.7184)"
7776,energy_deposit_keV,z_score,1,"energy_deposit_keV z=3.88 (window=500, threshold=±3.5, value=1214.8900, window_mean=49.9968)"
8327,energy_deposit_keV,z_score,1,"energy_deposit_keV z=8.94 (window=500, threshold=±3.5, value=566.3250, window_mean=37.6683)"
8870,energy_deposit_keV,z_score,1,"energy_deposit_keV z=18.35 (window=500, threshold=±3.5, value=1314.7162, window_mean=34.3576)"
9077,energy_deposit_keV,z_score,1,"energy_deposit_keV z=3.73 (window=500, threshold=±3.5, value=305.2300, window_mean=36.5855)"
9319,energy_deposit_keV,z_score,1,"energy_deposit_keV z=13.00 (window=500, threshold=±3.5, value=1195.2250, window_mean=38.9503)"
9350,energy_deposit_keV,z_score,1,"energy_deposit_keV z=9.52 (window=500, threshold=±3.5, value=976.3275, window_mean=41.2475)"
29,temperature_K,z_score,1,"temperature_K z=5.38 (window=500, threshold=±3.5, value=296.9748, window_mean=293.1485)"
351,temperature_K,z_score,1,"temperature_K z=14.51 (window=500, threshold=±3.5, value=299.1174, window_mean=293.0858)"
615,temperature_K,z_score,1,"temperature_K z=-12.15 (window=500, threshold=±3.5, value=288.2533, window_mean=293.1760)"
946,temperature_K,z_score,1,"temperature_K z=-15.02 (window=500, threshold=±3.5, value=287.0146, window_mean=293.1621)"
1231,temperature_K,z_score,1,"temperature_K z=10.91 (window=500, threshold=±3.5, value=297.7228, window_mean=293.3564)"
1668,temperature_K,z_score,1,"temperature_K z=-14.38 (window=500, threshold=±3.5, value=285.7286, window_mean=293.0918)"
1925,temperature_K,z_score,1,"temperature_K z=-12.04 (window=500, threshold=±3.5, value=286.1818, window_mean=292.7399)"
1981,temperature_K,z_score,1,"temperature_K z=11.98 (window=500, threshold=±3.5, value=300.4543, window_mean=292.8089)"
2013,temperature_K,z_score,1,"temperature_K z=-9.36 (window=500, threshold=±3.5, value=286.2593, window_mean=292.8143)"
2203,temperature_K,z_score,1,"temperature_K z=10.69 (window=500, threshold=±3.5, value=300.0861, window_mean=292.8034)"
2270,temperature_K,z_score,1,"temperature_K z=-9.53 (window=500, threshold=±3.5, value=285.6003, window_mean=292.8505)"
2440,temperature_K,z_score,1,"temperature_K z=-7.51 (window=500, threshold=±3.5, value=287.5575, window_mean=293.1458)"
2469,temperature_K,z_score,1,"temperature_K z=-9.33 (window=500, threshold=±3.5, value=285.5442, window_mean=293.1500)"
2536,temperature_K,z_score,1,"temperature_K z=8.74 (window=500, threshold=±3.5, value=299.6036, window_mean=293.1793)"
2829,temperature_K,z_score,1,"temperature_K z=11.96 (window=500, threshold=±3.5, value=301.1778, window_mean=293.1798)"
2946,temperature_K,z_score,1,"temperature_K z=11.03 (window=500, threshold=±3.5, value=300.7889, window_mean=293.1557)"
3065,temperature_K,z_score,1,"temperature_K z=7.97 (window=500, threshold=±3.5, value=297.8115, window_mean=293.2404)"
3091,temperature_K,z_score,1,"temperature_K z=-10.83 (window=500, threshold=±3.5, value=286.0618, window_mean=293.2199)"
3114,temperature_K,z_score,1,"temperature_K z=-8.83 (window=500, threshold=±3.5, value=286.8363, window_mean=293.2041)"
3318,temperature_K,z_score,1,"temperature_K z=-6.78 (window=500, threshold=±3.5, value=287.9822, window_mean=293.1909)"
3532,temperature_K,z_score,1,"temperature_K z=9.39 (window=500, threshold=±3.5, value=299.0097, window_mean=293.0147)"
3642,temperature_K,z_score,1,"temperature_K z=-13.86 (window=500, threshold=±3.5, value=285.5793, window_mean=293.0764)"
3672,temperature_K,z_score,1,"temperature_K z=5.47 (window=500, threshold=±3.5, value=296.1546, window_mean=293.1001)"
3758,temperature_K,z_score,1,"temperature_K z=-7.72 (window=500, threshold=±3.5, value=288.5253, window_mean=293.0794)"
3797,temperature_K,z_score,1,"temperature_K z=-9.40 (window=500, threshold=±3.5, value=286.9687, window_mean=293.0437)"
3904,temperature_K,z_score,1,"temperature_K z=5.79 (window=500, threshold=±3.5, value=297.2564, window_mean=293.2208)"
4070,temperature_K,z_score,1,"temperature_K z=5.65 (window=500, threshold=±3.5, value=297.0050, window_mean=293.3267)"
4120,temperature_K,z_score,1,"temperature_K z=-6.76 (window=500, threshold=±3.5, value=288.7787, window_mean=293.3610)"
4123,temperature_K,z_score,1,"temperature_K z=7.09 (window=500, threshold=±3.5, value=298.4391, window_mean=293.3723)"
4134,temperature_K,z_score,1,"temperature_K z=8.34 (window=500, threshold=±3.5, value=299.8132, window_mean=293.3862)"
4151,temperature_K,z_score,1,"temperature_K z=6.69 (window=500, threshold=±3.5, value=298.2299, window_mean=293.4050)"
4233,temperature_K,z_score,1,"temperature_K z=-6.22 (window=500, threshold=±3.5, value=288.5628, window_mean=293.3313)"
4297,temperature_K,z_score,1,"temperature_K z=-5.36 (window=500, threshold=±3.5, value=289.6481, window_mean=293.3657)"
4314,temperature_K,z_score,1,"temperature_K z=-8.19 (window=500, threshold=±3.5, value=287.2221, window_mean=293.3454)"
4357,temperature_K,z_score,1,"temperature_K z=-5.15 (window=500, threshold=±3.5, value=289.3149, window_mean=293.2934)"
4562,temperature_K,z_score,1,"temperature_K z=9.58 (window=500, threshold=±3.5, value=300.5727, window_mean=293.1925)"
4767,temperature_K,z_score,1,"temperature_K z=-9.78 (window=500, threshold=±3.5, value=287.4084, window_mean=293.1756)"
4891,temperature_K,z_score,1,"temperature_K z=5.35 (window=500, threshold=±3.5, value=295.8850, window_mean=293.1358)"
5091,temperature_K,z_score,1,"temperature_K z=-12.85 (window=500, threshold=±3.5, value=285.5056, window_mean=292.8598)"
5151,temperature_K,z_score,1,"temperature_K z=-6.14 (window=500, threshold=±3.5, value=289.2434, window_mean=292.8412)"
5210,temperature_K,z_score,1,"temperature_K z=10.56 (window=500, threshold=±3.5, value=299.8653, window_mean=292.8520)"
5228,temperature_K,z_score,1,"temperature_K z=-8.97 (window=500, threshold=±3.5, value=286.3305, window_mean=292.8316)"
5545,temperature_K,z_score,1,"temperature_K z=-3.63 (window=500, threshold=±3.5, value=290.1207, window_mean=292.8639)"
5570,temperature_K,z_score,1,"temperature_K z=-8.82 (window=500, threshold=±3.5, value=285.5614, window_mean=292.8591)"
5709,temperature_K,z_score,1,"temperature_K z=6.86 (window=500, threshold=±3.5, value=298.5845, window_mean=292.9607)"
5733,temperature_K,z_score,1,"temperature_K z=-7.34 (window=500, threshold=±3.5, value=287.5091, window_mean=292.9786)"
5844,temperature_K,z_score,1,"temperature_K z=-8.92 (window=500, threshold=±3.5, value=286.8239, window_mean=293.2558)"
6093,temperature_K,z_score,1,"temperature_K z=-12.09 (window=500, threshold=±3.5, value=286.2974, window_mean=293.4187)"
6133,temperature_K,z_score,1,"temperature_K z=6.08 (window=500, threshold=±3.5, value=297.1514, window_mean=293.3916)"
6378,temperature_K,z_score,1,"temperature_K z=-9.47 (window=500, threshold=±3.5, value=288.5795, window_mean=293.1861)"
6512,temperature_K,z_score,1,"temperature_K z=-7.64 (window=500, threshold=±3.5, value=289.3380, window_mean=293.1508)"
6565,temperature_K,z_score,1,"temperature_K z=-13.12 (window=500, threshold=±3.5, value=285.1363, window_mean=293.0942)"
6585,temperature_K,z_score,1,"temperature_K z=5.98 (window=500, threshold=±3.5, value=296.8353, window_mean=293.0879)"
6640,temperature_K,z_score,1,"temperature_K z=11.97 (window=500, threshold=±3.5, value=300.5028, window_mean=293.0891)"
6921,temperature_K,z_score,1,"temperature_K z=5.66 (window=500, threshold=±3.5, value=296.5881, window_mean=292.6933)"
7130,temperature_K,z_score,1,"temperature_K z=-6.06 (window=500, threshold=±3.5, value=288.9869, window_mean=292.7124)"
7144,temperature_K,z_score,1,"temperature_K z=-9.34 (window=500, threshold=±3.5, value=287.3834, window_mean=292.7017)"
7152,temperature_K,z_score,1,"temperature_K z=-8.27 (window=500, threshold=±3.5, value=287.5727, window_mean=292.7009)"
7655,temperature_K,z_score,1,"temperature_K z=-19.37 (window=500, threshold=±3.5, value=285.3956, window_mean=293.0943)"
7824,temperature_K,z_score,1,"temperature_K z=9.62 (window=500, threshold=±3.5, value=297.2554, window_mean=293.1084)"
7952,temperature_K,z_score,1,"temperature_K z=9.42 (window=500, threshold=±3.5, value=297.7430, window_mean=293.1288)"
8207,temperature_K,z_score,1,"temperature_K z=13.16 (window=500, threshold=±3.5, value=299.8940, window_mean=293.3345)"
8285,temperature_K,z_score,1,"temperature_K z=6.49 (window=500, threshold=±3.5, value=296.6637, window_mean=293.3994)"
8418,temperature_K,z_score,1,"temperature_K z=-7.92 (window=500, threshold=±3.5, value=289.5894, window_mean=293.4493)"
8517,temperature_K,z_score,1,"temperature_K z=6.81 (window=500, threshold=±3.5, value=297.0338, window_mean=293.3384)"
8736,temperature_K,z_score,1,"temperature_K z=7.70 (window=500, threshold=±3.5, value=296.4330, window_mean=292.9981)"
8867,temperature_K,z_score,1,"temperature_K z=12.98 (window=500, threshold=±3.5, value=298.4375, window_mean=292.9122)"
8901,temperature_K,z_score,1,"temperature_K z=-13.96 (window=500, threshold=±3.5, value=285.2740, window_mean=292.9055)"
8908,temperature_K,z_score,1,"temperature_K z=-6.24 (window=500, threshold=±3.5, value=289.3483, window_mean=292.9008)"
9131,temperature_K,z_score,1,"temperature_K z=-9.80 (window=500, threshold=±3.5, value=287.2067, window_mean=292.8642)"
9141,temperature_K,z_score,1,"temperature_K z=6.65 (window=500, threshold=±3.5, value=296.8928, window_mean=292.8822)"
9163,temperature_K,z_score,1,"temperature_K z=-8.96 (window=500, threshold=±3.5, value=286.9916, window_mean=292.8912)"
9404,temperature_K,z_score,1,"temperature_K z=-10.21 (window=500, threshold=±3.5, value=287.2266, window_mean=292.9642)"
9488,temperature_K,z_score,1,"temperature_K z=8.52 (window=500, threshold=±3.5, value=297.9742, window_mean=293.0451)"
9658,temperature_K,z_score,1,"temperature_K z=-10.84 (window=500, threshold=±3.5, value=286.7742, window_mean=293.0187)"
9707,temperature_K,z_score,1,"temperature_K z=-11.88 (window=500, threshold=±3.5, value=285.2558, window_mean=292.9450)"
9724,temperature_K,z_score,1,"temperature_K z=6.80 (window=500, threshold=±3.5, value=297.6126, window_mean=292.9399)"
9917,temperature_K,z_score,1,"temperature_K z=-5.64 (window=500, threshold=±3.5, value=288.9225, window_mean=292.6429)"
9951,temperature_K,z_score,1,"temperature_K z=7.37 (window=500, threshold=±3.5, value=297.6400, window_mean=292.6128)"
9961,temperature_K,z_score,1,"temperature_K z=6.28 (window=500, threshold=±3.5, value=297.0523, window_mean=292.6087)"
